,Timestamp,Coordinates,ID Number,3months
0,2020-07-28,"[45.007507492302445, -120.18701129276712]",488205352,2020-04-28
1,2020-10-15,"[42.29306728563927, -119.3212299515537]",694802867,2020-07-15
2,2020-11-03,"[42.99605470639091, -122.04488190403352]",111056551,2020-08-03
3,2020-08-08,"[42.348857224956646, -123.82260377776109]",689674734,2020-05-08
4,2020-08-08,"[44.91775197272697, -119.44933520142736]",371806946,2020-05-08
5,2020-08-20,"[45.292347123678674, -124.59295418456294]",575710391,2020-05-20
6,2020-07-22,"[43.399273902801156, -117.0563433388005]",770808417,2020-04-22
7,2020-11-29,"[43.604777483499014, -117.57718567115393]",265757288,2020-08-29
8,2020-11-22,"[44.96682037554883, -124.44740495937545]",290595961,2020-08-22
9,2020-10-14,"[46.08800204919258, -121.47830571643509]",640945038,2020-07-14
10,2020-11-15,"[42.252002735815886, -117.38612453884609]",227561518,2020-08-15
11,2020-11-29,"[45.416347777662594, -119.76798136871321]",545454120,2020-08-29
12,2020-10-06,"[43.78462305692615, -124.0372513128023]",522305390,2020-07-06
13,2020-10-28,"[45.80109608918338, -121.75478790722963]",350392817,2020-07-28
14,2020-11-06,"[43.21833198274616, -122.70775803091142]",512992067,2020-08-06
15,2020-10-01,"[44.36462513958309, -123.93401068238211]",260702062,2020-07-01
16,2020-07-14,"[45.878423266262956, -123.45308320774407]",166196004,2020-04-14
17,2020-10-29,"[44.21178994294351, -119.72676805718618]",951822849,2020-07-29
18,2020-08-28,"[42.48674534019236, -118.38527718903408]",396221036,2020-05-28
19,2020-10-23,"[42.383378495035544, -123.07995796135987]",491916488,2020-07-23
20,2020-07-05,"[43.475610220373945, -122.35498173360216]",356384149,2020-04-05
21,2020-11-12,"[42.004478135914546, -116.72879840198578]",343677091,2020-08-12
22,2020-10-27,"[42.33267715348931, -122.17450511827886]",653466059,2020-07-27
23,2020-10-23,"[44.88779317424173, -123.43954830760916]",474775893,2020-07-23
24,2020-09-09,"[43.77666290609108, -121.38867761448756]",566575790,2020-06-09
25,2020-11-18,"[43.10844500093581, -119.30902707093081]",452171886,2020-08-18
26,2020-10-26,"[43.10397971378735, -117.03353507370528]",517166768,2020-07-26
27,2020-09-13,"[43.91196110185101, -117.4340831362489]",255418764,2020-06-13
28,2020-07-05,"[45.27359685685035, -119.75964870685135]",284121686,2020-04-05
29,2020-07-11,"[44.45752728879839, -117.21983115255145]",747703727,2020-04-11
30,2020-10-13,"[43.93082400259494, -122.09614258568959]",621249075,2020-07-13
31,2020-08-09,"[45.24334242440508, -122.94570639667786]",320138209,2020-05-09
32,2020-08-10,"[44.430720114182485, -120.64122252679779]",257797308,2020-05-10
33,2020-09-16,"[44.71662690217734, -117.25451667931698]",761155902,2020-06-16
34,2020-10-13,"[45.78046658622958, -117.32757458035954]",345799761,2020-07-13
35,2020-09-22,"[44.498144148184075, -123.86736182105929]",223007861,2020-06-22
36,2020-11-22,"[42.57281608109871, -118.88899154299452]",379621393,2020-08-22
37,2020-11-02,"[43.88893620632548, -121.14409177635939]",806615427,2020-08-02
38,2020-11-24,"[46.027441929334366, -117.29209775512854]",624649662,2020-08-24
39,2020-07-12,"[45.818348157186925, -123.1641084022911]",139180269,2020-04-12
40,2020-10-19,"[43.64563998088252, -121.61271730455583]",413270098,2020-07-19
41,2020-11-17,"[45.668501416775804, -120.95521210673108]",280282702,2020-08-17
42,2020-07-08,"[42.45945123060811, -120.49251711899191]",675166283,2020-04-08
43,2020-11-09,"[43.583735277618345, -122.20459740288618]",508751056,2020-08-09
44,2020-11-29,"[42.90734778908713, -124.38862308051162]",596198392,2020-08-29
45,2020-11-23,"[42.08343524158336, -123.63667078128914]",680840398,2020-08-23
46,2020-07-08,"[43.023935543656286, -124.42211348947988]",654554376,2020-04-08
47,2020-07-14,"[42.87027014589464, -121.2856751432284]",416965828,2020-04-14
48,2020-08-26,"[45.58045892971173, -120.67984842767177]",611447869,2020-05-26
49,2020-08-09,"[42.772161609229144, -121.01121994692346]",258804392,2020-05-09
50,2020-09-03,"[44.10854743929737, -124.36098317436297]",258775210,2020-06-03
51,2020-07-11,"[44.063436338722795, -118.98736820839788]",915627185,2020-04-11
52,2020-09-08,"[43.85583773091556, -119.78019811482987]",275463797,2020-06-08
53,2020-09-02,"[42.3695606032585, -119.6968574634261]",335049572,2020-06-02
54,2020-10-06,"[45.90401025456826, -122.29667230813095]",873455908,2020-07-06
55,2020-11-18,"[45.94422804818076, -124.00690149151059]",128804459,2020-08-18
56,2020-09-29,"[44.249534104184875, -121.81919832421538]",932236149,2020-06-29
57,2020-08-07,"[46.0871606852143, -122.23927848698703]",223206035,2020-05-07
58,2020-07-16,"[43.97374912080197, -122.08859098390569]",460806513,2020-04-16
59,2020-11-20,"[42.712014507472695, -123.4607486829371]",398538140,2020-08-20
60,2020-07-29,"[44.60530430934551, -119.62768714163651]",208847896,2020-04-29
61,2020-09-28,"[44.15461307645921, -123.22411578840772]",930436193,2020-06-28
62,2020-07-12,"[45.436417263943866, -119.98554774052896]",800361749,2020-04-12
63,2020-10-09,"[45.83362695029707, -121.87694203499655]",532966303,2020-07-09
64,2020-09-12,"[43.15282452221508, -122.83652623550496]",478422182,2020-06-12
65,2020-10-11,"[45.489159447142, -117.35895892159607]",144468190,2020-07-11
66,2020-08-02,"[46.29193350152096, -122.79753992049416]",701059034,2020-05-02
67,2020-07-10,"[43.18824192843044, -124.58310043888665]",368780715,2020-04-10
68,2020-07-15,"[45.4993657130343, -121.5677215291389]",644511175,2020-04-15
69,2020-09-28,"[45.142978170988144, -122.87236517732387]",711558694,2020-06-28
70,2020-08-03,"[45.063021423577084, -118.27050780165061]",537235791,2020-05-03
71,2020-07-25,"[44.47106367276354, -118.44917969523918]",533473970,2020-04-25
72,2020-11-14,"[45.73157945429137, -118.22952106729711]",737155445,2020-08-14
73,2020-07-15,"[42.78019781570752, -119.53129202749376]",820802084,2020-04-15
74,2020-07-26,"[42.509100153631245, -123.91251891975605]",313019430,2020-04-26
75,2020-09-04,"[44.58959530181183, -122.1664322797502]",557736717,2020-06-04
76,2020-09-01,"[44.858620319935525, -120.55207241979113]",933883311,2020-06-01
77,2020-08-03,"[45.729857784692044, -124.59101602027667]",558562799,2020-05-03
78,2020-07-14,"[42.47938030918816, -118.14721816970322]",839872309,2020-04-14
79,2020-09-14,"[43.294633016400766, -117.53138285867927]",312654088,2020-06-14
80,2020-11-10,"[45.4160415163008, -116.91373312264054]",638800065,2020-08-10
81,2020-10-21,"[45.404213053189665, -120.05336760225663]",771425350,2020-07-21
82,2020-09-10,"[46.27326728388929, -123.39616438492777]",874936523,2020-06-10
83,2020-10-14,"[45.497714221884685, -122.35903417658957]",404776724,2020-07-14
84,2020-10-17,"[42.60269232463368, -122.33990127987344]",685978648,2020-07-17
85,2020-08-04,"[45.8318225999581, -123.40501240505282]",763713602,2020-05-04
86,2020-10-09,"[42.837178539886544, -122.18602395734462]",259538089,2020-07-09
87,2020-09-15,"[42.34417172263634, -118.93585620535542]",350497482,2020-06-15
88,2020-07-12,"[44.28038873951228, -123.13126206150801]",209293122,2020-04-12
89,2020-10-18,"[44.036332010212405, -121.41628661368031]",834602632,2020-07-18
90,2020-09-20,"[43.63787162158436, -119.77044158878498]",231404361,2020-06-20
91,2020-08-24,"[45.37617956272757, -117.75702009984916]",756279562,2020-05-24
92,2020-11-13,"[43.296748287174836, -124.46788271643663]",209261727,2020-08-13
93,2020-10-24,"[44.04665971268412, -123.88752507982939]",113340447,2020-07-24
94,2020-10-17,"[45.838572509247605, -123.65643114105158]",312453373,2020-07-17
95,2020-10-28,"[43.68068460302218, -122.80239641594348]",147948926,2020-07-28
96,2020-11-11,"[43.22146016202305, -118.76694780831363]",481771180,2020-08-11
97,2020-09-25,"[43.69785181871445, -121.74066009376418]",354702393,2020-06-25
98,2020-11-23,"[42.59010779856934, -118.73492572936925]",129027598,2020-08-23
99,2020-08-03,"[43.02165570800186, -119.7500733017254]",855198505,2020-05-03
100,2020-09-26,"[42.97096674994475, -122.43332872803194]",330440158,2020-06-26
101,2020-07-21,"[43.49265880121125, -118.49807250981334]",211616043,2020-04-21
102,2020-11-25,"[45.4904630583837, -122.99623085977585]",392477133,2020-08-25
103,2020-09-03,"[45.532801262307174, -119.11469947090134]",370432112,2020-06-03
104,2020-08-24,"[43.49542346781741, -119.44125923691274]",614105006,2020-05-24
105,2020-11-07,"[43.25083178681969, -119.51295028080808]",302659152,2020-08-07
106,2020-10-29,"[44.927435197880556, -118.82141172749202]",729440193,2020-07-29
107,2020-08-21,"[44.22924257330004, -122.06222629184035]",747764177,2020-05-21
108,2020-09-14,"[43.06003159285534, -122.47471359780882]",599744316,2020-06-14
109,2020-09-09,"[43.663903931362675, -117.94162373185864]",938774170,2020-06-09
110,2020-09-05,"[42.380903570768155, -122.68677140640804]",827238875,2020-06-05
111,2020-09-11,"[44.46767163767566, -122.2783966628981]",270119642,2020-06-11
112,2020-07-01,"[44.277716168262266, -116.7715871970523]",612444768,2020-04-01
113,2020-10-17,"[42.97572242641011, -121.05282593882023]",298930871,2020-07-17
114,2020-10-24,"[43.308460383110784, -119.10468429311929]",411700154,2020-07-24
115,2020-09-19,"[42.46026360928469, -118.9956870562672]",163608336,2020-06-19
116,2020-11-28,"[42.690886656111665, -123.35876055283342]",500906030,2020-08-28
117,2020-10-29,"[45.21907431238229, -117.93357951577012]",944103821,2020-07-29
118,2020-08-26,"[44.2649147300319, -120.85380784689207]",195934641,2020-05-26
119,2020-07-15,"[43.07667591965191, -118.10872773708525]",502878127,2020-04-15
120,2020-11-13,"[46.291749095187605, -124.43470450644202]",332959918,2020-08-13
121,2020-08-24,"[45.31553486581339, -121.53865767084316]",998097905,2020-05-24
122,2020-08-25,"[46.25972964801338, -122.78267753976507]",902429443,2020-05-25
123,2020-10-02,"[42.8461408868583, -118.76697438424227]",667569284,2020-07-02
124,2020-10-27,"[42.37589163294882, -117.71067084385882]",157647551,2020-07-27
125,2020-08-12,"[44.84691616228808, -121.06419303850728]",454994657,2020-05-12
126,2020-09-23,"[46.095569557076324, -122.91252246274456]",988028989,2020-06-23
127,2020-07-28,"[44.010838936764294, -117.73102363711254]",609816346,2020-04-28
128,2020-11-18,"[43.55771599307792, -118.78031869407941]",152299841,2020-08-18
129,2020-07-11,"[45.24052429665604, -123.29019904806285]",543907247,2020-04-11
130,2020-08-11,"[44.60408685856589, -118.11129994091542]",115427427,2020-05-11
131,2020-11-26,"[42.13903019031599, -123.7530968058883]",761994728,2020-08-26
132,2020-11-03,"[43.71025583715196, -117.00056357312354]",260339702,2020-08-03
133,2020-08-19,"[42.70144050837107, -122.73634583447725]",865365083,2020-05-19
134,2020-10-19,"[43.93806729312086, -116.93561925830966]",768855121,2020-07-19
135,2020-10-26,"[44.49423706638594, -119.35525016441414]",825774574,2020-07-26
136,2020-10-20,"[42.93609152405307, -119.35560696317648]",548326551,2020-07-20
137,2020-11-28,"[44.13797673459397, -120.40009120865071]",371011927,2020-08-28
138,2020-10-10,"[44.802618456724005, -124.49769453055403]",198323368,2020-07-10
139,2020-08-20,"[44.92589853702389, -120.48292758486184]",385383554,2020-05-20
140,2020-11-07,"[44.4007132353666, -124.0834071061165]",997747724,2020-08-07
141,2020-08-09,"[44.53986066462101, -122.22115523788212]",744535417,2020-05-09
142,2020-09-26,"[44.980785209504056, -122.04525305110035]",481674629,2020-06-26
143,2020-10-04,"[43.066786067760695, -119.38594757459086]",206432484,2020-07-04
144,2020-08-01,"[43.14581850467738, -117.4563738933186]",643778488,2020-05-01
145,2020-08-02,"[45.31945713955821, -119.35976938177289]",427537595,2020-05-02
146,2020-09-24,"[45.55009882404883, -122.70632031455371]",605810947,2020-06-24
147,2020-10-24,"[44.611444175946296, -119.24932724166916]",706331031,2020-07-24
148,2020-08-02,"[42.356015222680234, -122.61353695976821]",264958532,2020-05-02
149,2020-10-11,"[42.34615727638345, -120.49236383841668]",363650915,2020-07-11
150,2020-09-05,"[44.27816373887362, -121.63573286274986]",359596048,2020-06-05
151,2020-09-20,"[44.34068226605785, -122.04123599852012]",898487319,2020-06-20
152,2020-09-11,"[44.299738718739974, -122.11694892879288]",709036880,2020-06-11
153,2020-09-13,"[45.17431036534694, -117.45225208644332]",996117175,2020-06-13
154,2020-08-04,"[44.00522402847477, -121.57191150782384]",355471433,2020-05-04
155,2020-09-20,"[44.74944710955537, -120.10902425428307]",434966176,2020-06-20
156,2020-11-16,"[45.751444435508226, -121.71585214496835]",598625959,2020-08-16
157,2020-10-13,"[43.61358633747314, -124.4070463709687]",120468584,2020-07-13
158,2020-11-04,"[42.60176795938328, -120.32948229022686]",358440191,2020-08-04
159,2020-07-17,"[44.19345391497764, -123.20479301817726]",796930659,2020-04-17
160,2020-08-22,"[45.27371455392918, -124.25497104299002]",131854628,2020-05-22
161,2020-11-29,"[44.98635459151363, -124.12390659958592]",727291292,2020-08-29
162,2020-11-18,"[42.07441956382891, -119.28708762528457]",819220336,2020-08-18
163,2020-07-05,"[45.71949774233499, -116.83228303964265]",455702729,2020-04-05
164,2020-08-23,"[45.080802570633786, -120.22875264117326]",817778637,2020-05-23
165,2020-07-11,"[44.65563552681656, -119.6429399372266]",536526845,2020-04-11
166,2020-11-20,"[42.60575513871762, -118.18554885747868]",869652195,2020-08-20
167,2020-11-11,"[46.004703560084984, -123.8900068703129]",752640430,2020-08-11
168,2020-10-23,"[43.46481611399728, -124.11332671759673]",592814380,2020-07-23
169,2020-08-05,"[43.919183717882675, -118.59199893997838]",497213994,2020-05-05
170,2020-09-18,"[44.95355581877097, -116.72761486003773]",157862262,2020-06-18
171,2020-10-25,"[43.89143497864962, -120.6437138265265]",484912738,2020-07-25
172,2020-07-18,"[42.687693264563755, -121.08801502108275]",129673588,2020-04-18
173,2020-07-15,"[43.300535455095826, -117.11434385177947]",631793704,2020-04-15
174,2020-09-08,"[44.88126714013001, -121.56340014591345]",961674726,2020-06-08
175,2020-10-02,"[42.60250455426037, -119.24822633995355]",440449027,2020-07-02
176,2020-07-09,"[44.506876924695305, -120.30866259497488]",606833623,2020-04-09
177,2020-08-12,"[45.40786235417478, -120.91814428020994]",530866435,2020-05-12
178,2020-08-25,"[44.87621148330566, -116.5679376185113]",702829786,2020-05-25
179,2020-08-01,"[43.67100494138041, -118.40329220455898]",396958587,2020-05-01
180,2020-11-29,"[42.05310105552841, -123.87295926471862]",631424655,2020-08-29
181,2020-11-10,"[43.2233502015156, -123.20799184417248]",250089883,2020-08-10
182,2020-09-16,"[44.40542307578544, -117.86384105206771]",663190179,2020-06-16
183,2020-09-13,"[45.727479930481984, -118.10187699228837]",961834391,2020-06-13
184,2020-08-14,"[46.09480072974561, -119.84409998369688]",178072222,2020-05-14
185,2020-07-09,"[44.279667724927556, -122.76981941824178]",387914640,2020-04-09
186,2020-10-14,"[44.74891347725864, -116.92557291816672]",665362669,2020-07-14
187,2020-08-02,"[42.87713630685452, -119.3782847266272]",422446654,2020-05-02
188,2020-11-18,"[45.61666716203189, -122.0002465901798]",165524875,2020-08-18
189,2020-08-13,"[45.137457341244435, -121.61077819570151]",537244085,2020-05-13
190,2020-11-21,"[45.351592544711316, -118.19739888892778]",709044379,2020-08-21
191,2020-11-28,"[45.45784828726729, -121.83644482380797]",136604874,2020-08-28
192,2020-11-13,"[44.43033470486619, -123.27915716797233]",298379887,2020-08-13
193,2020-10-13,"[42.62307741490911, -120.43792589209178]",998594747,2020-07-13
194,2020-11-01,"[42.9240055164449, -116.57568773477415]",399025718,2020-08-01
195,2020-09-14,"[46.06541571606266, -123.24088839536263]",866653353,2020-06-14
196,2020-08-12,"[44.82279181204811, -118.23104008244826]",288196043,2020-05-12
197,2020-07-06,"[44.66184415056124, -119.324969805451]",526975953,2020-04-06
198,2020-11-25,"[45.20997186307725, -117.16963089845932]",903337074,2020-08-25
199,2020-10-02,"[44.43002594527491, -117.09333105258894]",778302824,2020-07-02
200,2020-07-02,"[45.59448214421647, -122.91479690065998]",120170198,2020-04-02
201,2020-11-25,"[44.58187070124476, -120.73965079520727]",852980966,2020-08-25
202,2020-08-23,"[45.97779699233468, -118.3473469620798]",363489976,2020-05-23
203,2020-07-20,"[42.362408311905476, -122.26448461131997]",379969308,2020-04-20
204,2020-10-04,"[42.12717686290744, -120.43096527190856]",368770725,2020-07-04
205,2020-07-25,"[45.08687991794385, -120.90047223223549]",814660941,2020-04-25
206,2020-10-19,"[43.35378552608487, -121.91485967627386]",621049874,2020-07-19
207,2020-11-22,"[46.2504459711406, -121.68702556963551]",308076997,2020-08-22
208,2020-10-19,"[46.12986523352755, -118.97306658021824]",199153089,2020-07-19
209,2020-07-28,"[45.660624272184364, -123.87158792577365]",490326185,2020-04-28
210,2020-09-19,"[45.39288971004947, -119.28979613481799]",916783698,2020-06-19
211,2020-09-16,"[46.27704075453378, -123.25952015846022]",987407868,2020-06-16
212,2020-11-26,"[45.36200324884503, -116.92998268648266]",994446615,2020-08-26
213,2020-09-09,"[45.18624162471481, -121.95241955753716]",128946136,2020-06-09
214,2020-11-28,"[42.98374517447732, -121.56346601433746]",877264280,2020-08-28
215,2020-08-06,"[44.703573575020265, -117.23585719946644]",270985966,2020-05-06
216,2020-10-18,"[45.275273473564205, -116.74680072238408]",234373420,2020-07-18
217,2020-11-06,"[45.006780377200116, -122.93319700357952]",390933461,2020-08-06
218,2020-09-04,"[44.58103199979437, -122.93903562782684]",672061435,2020-06-04
219,2020-08-01,"[45.51166245541455, -122.02472293649403]",171382340,2020-05-01
220,2020-11-17,"[42.122375994686216, -119.66335684430169]",624722378,2020-08-17
221,2020-09-02,"[44.20753457380762, -119.45046705660702]",980449314,2020-06-02
222,2020-08-13,"[42.00948188874661, -123.69975802731284]",913131972,2020-05-13
223,2020-11-04,"[44.602833012574685, -117.61013442556033]",594142681,2020-08-04
224,2020-07-26,"[46.12484380171175, -122.05578723651843]",456412711,2020-04-26
225,2020-07-12,"[44.94335955273224, -117.10211318882727]",399126482,2020-04-12
226,2020-10-10,"[45.51575312281883, -118.03519894684364]",101880173,2020-07-10
227,2020-08-11,"[42.51031202745164, -119.98089656504284]",474352004,2020-05-11
228,2020-07-06,"[44.65297899671616, -117.26559691209431]",111163596,2020-04-06
229,2020-08-12,"[46.2559941049924, -117.87290400157764]",737181028,2020-05-12
230,2020-09-03,"[44.33940576745727, -117.4399799809462]",923417835,2020-06-03
231,2020-11-23,"[44.95859746078858, -124.12199412123202]",165251027,2020-08-23
232,2020-10-16,"[43.92213319840474, -117.75458620392104]",658389665,2020-07-16
233,2020-10-27,"[43.694843009417596, -124.51913196384956]",635695050,2020-07-27
234,2020-07-09,"[42.13291313542977, -117.62318677546163]",303270392,2020-04-09
235,2020-07-12,"[42.03153788221713, -123.64966106106165]",745432046,2020-04-12
236,2020-08-20,"[43.59282395026613, -123.6948803404161]",833851104,2020-05-20
237,2020-08-21,"[44.63078677550047, -120.03994281935982]",925840917,2020-05-21
238,2020-08-22,"[46.18201767195401, -117.51590667025832]",578338056,2020-05-22
239,2020-08-21,"[42.079097769186475, -116.90922506318499]",537825497,2020-05-21
240,2020-09-15,"[45.64263022779485, -117.53450162216261]",206046701,2020-06-15
241,2020-09-03,"[45.868273290714555, -124.56653026601751]",169302255,2020-06-03
242,2020-09-02,"[45.85672632930649, -121.58444750266636]",379349860,2020-06-02
243,2020-10-14,"[46.197395599223306, -121.02697663739613]",245349928,2020-07-14
244,2020-08-27,"[42.889523326035885, -117.17546971333235]",557171646,2020-05-27
245,2020-10-16,"[46.027465270190675, -118.42751457256956]",187142763,2020-07-16
246,2020-10-01,"[43.6215030389546, -121.82732820203388]",654184075,2020-07-01
247,2020-10-25,"[42.168723757496615, -122.78780225614261]",670958431,2020-07-25
248,2020-07-25,"[43.40287541694181, -121.55965408783888]",690713570,2020-04-25
249,2020-09-29,"[43.951819037146834, -124.01921787176146]",760379663,2020-06-29
250,2020-10-24,"[45.50802199765226, -124.36940848683143]",308664213,2020-07-24
251,2020-08-13,"[45.80764639345622, -122.72077441598363]",540806564,2020-05-13
252,2020-08-09,"[43.82724883464, -123.10974150433111]",277404191,2020-05-09
253,2020-07-16,"[43.57875414704981, -119.77168427079702]",396176558,2020-04-16
254,2020-07-18,"[43.82087889276514, -120.23832394627232]",715524723,2020-04-18
255,2020-08-08,"[44.985884577286754, -123.72761713521726]",231401047,2020-05-08
256,2020-07-13,"[43.12890095047576, -121.00997130889152]",624875562,2020-04-13
257,2020-08-23,"[45.7254566575439, -120.27129642259813]",780799092,2020-05-23
258,2020-07-22,"[44.514952340014375, -117.7923055695437]",781440638,2020-04-22
259,2020-07-23,"[42.07189316662626, -116.93627128326007]",905710596,2020-04-23
260,2020-09-04,"[45.5486384097157, -118.72795184674654]",336087161,2020-06-04
261,2020-10-22,"[43.88308119580563, -121.09310806234822]",908838799,2020-07-22
262,2020-10-22,"[45.28841356328973, -122.25238718513438]",733638513,2020-07-22
263,2020-07-05,"[45.83840013393764, -120.57880766264145]",188294702,2020-04-05
264,2020-11-09,"[42.51495443412629, -122.26070653537724]",246902769,2020-08-09
265,2020-07-28,"[45.92569259143197, -123.3007350905877]",907202424,2020-04-28
266,2020-09-27,"[45.064921699051325, -123.02249482800337]",953411295,2020-06-27
267,2020-08-23,"[42.7994196487505, -120.3492351634037]",697928632,2020-05-23
268,2020-09-07,"[46.28088358012974, -119.17864992307537]",747419023,2020-06-07
269,2020-08-24,"[43.82781639758222, -116.61383939552317]",630124286,2020-05-24
270,2020-07-27,"[42.74213835682169, -117.75318706822398]",548403401,2020-04-27
271,2020-10-03,"[45.947403580039655, -122.95062400215822]",861783769,2020-07-03
272,2020-09-11,"[43.50069745286905, -123.76092704050805]",244158789,2020-06-11
273,2020-07-17,"[43.7972570947503, -121.35554618593807]",706318488,2020-04-17
274,2020-11-12,"[43.237741948664606, -117.61399238207423]",332137228,2020-08-12
275,2020-11-02,"[44.279614664054314, -123.0526141051748]",366245545,2020-08-02
276,2020-10-23,"[44.09313535453654, -119.94689986278038]",272346851,2020-07-23
277,2020-08-16,"[43.02143984341726, -121.11918784106494]",561795857,2020-05-16
278,2020-11-02,"[43.21396645716302, -123.11217797575524]",391180013,2020-08-02
279,2020-08-10,"[44.37998429022333, -116.79667374218837]",879148610,2020-05-10
280,2020-09-09,"[42.45094739710275, -124.55949375833511]",162639385,2020-06-09
281,2020-08-29,"[42.00267856170806, -120.30570998439669]",915928723,2020-05-29
282,2020-11-08,"[44.4734942836879, -122.10487158148166]",616894273,2020-08-08
283,2020-07-04,"[43.24681062411465, -120.16112219845677]",897285754,2020-04-04
284,2020-08-09,"[42.3153203872079, -119.0647377194684]",583549851,2020-05-09
285,2020-10-29,"[45.465411222752884, -120.82946254354329]",284690872,2020-07-29
286,2020-09-07,"[45.7109083137789, -122.72887761220557]",340575126,2020-06-07
287,2020-08-05,"[44.74098001289019, -121.00612939979551]",915985300,2020-05-05
288,2020-07-11,"[44.501245864832896, -123.04898888234933]",835653070,2020-04-11
289,2020-08-13,"[44.19274555452449, -124.43158859826096]",325176305,2020-05-13
290,2020-10-13,"[42.04008669045249, -119.0538054798298]",162479552,2020-07-13
291,2020-07-06,"[46.21410303092437, -119.43227655205142]",126093775,2020-04-06
292,2020-08-28,"[44.95056799319091, -122.62864209146883]",623348352,2020-05-28
293,2020-07-25,"[45.99340241836005, -122.5414200231557]",272484628,2020-04-25
294,2020-09-08,"[43.41857345009997, -117.98185131641313]",785604800,2020-06-08
295,2020-07-10,"[45.33959309601538, -120.3973352497667]",648594325,2020-04-10
296,2020-08-27,"[44.77178105901187, -118.19981169531951]",654172348,2020-05-27
297,2020-11-19,"[45.983946471873935, -118.73949219836165]",647424910,2020-08-19
298,2020-11-20,"[44.58951003713661, -120.62858067457127]",292222099,2020-08-20
299,2020-09-29,"[42.392438882101665, -118.30609895215966]",496155010,2020-06-29
300,2020-11-13,"[45.189763981890984, -118.87825483688174]",538472889,2020-08-13
301,2020-08-03,"[46.20977478755582, -121.76786786849394]",885475743,2020-05-03
302,2020-11-26,"[45.988361186589955, -122.56346482325016]",601076613,2020-08-26
303,2020-11-08,"[44.44988689442188, -121.3314652565921]",898095241,2020-08-08
304,2020-07-13,"[45.31048935416024, -124.37761322309676]",999053378,2020-04-13
305,2020-09-22,"[44.81093508916662, -119.04628026635629]",659790948,2020-06-22
306,2020-08-06,"[42.399478964496176, -119.39200672015828]",461819744,2020-05-06
307,2020-10-17,"[44.58094058462039, -122.62524405391062]",796860272,2020-07-17
308,2020-11-15,"[43.32045895342125, -120.1605364833603]",246213054,2020-08-15
309,2020-10-07,"[42.814520057238, -117.93190058841252]",907329685,2020-07-07
310,2020-08-06,"[42.2711665186319, -118.00887162432437]",288935902,2020-05-06
311,2020-08-13,"[45.962499801734864, -119.69830211126722]",652917721,2020-05-13
312,2020-10-15,"[43.10254471268165, -118.17758123841378]",509441985,2020-07-15
313,2020-10-22,"[43.25401636402682, -119.34685675881555]",253855457,2020-07-22
314,2020-10-22,"[43.77341191197746, -118.10978980402969]",700042234,2020-07-22
315,2020-09-14,"[45.560629219562635, -123.24644455569359]",637766695,2020-06-14
316,2020-09-06,"[45.34121988520717, -123.3426879589088]",746618050,2020-06-06
317,2020-08-14,"[42.68370220978744, -119.94550449567993]",272110021,2020-05-14
318,2020-07-20,"[44.174810195834084, -123.66745612799477]",275930170,2020-04-20
319,2020-07-24,"[44.369965402650756, -117.23681424196317]",112259868,2020-04-24
320,2020-11-01,"[43.8043611280801, -118.19695608639398]",318828254,2020-08-01
321,2020-11-29,"[44.72674336191362, -124.49853811973755]",358709812,2020-08-29
322,2020-07-19,"[42.138010389545826, -119.4996047620608]",449002479,2020-04-19
323,2020-09-24,"[42.79515765399861, -124.0436403178176]",709009738,2020-06-24
324,2020-08-16,"[42.58089445577965, -123.40405788466776]",325807336,2020-05-16
325,2020-09-04,"[43.55769213053188, -124.0514399835072]",546245192,2020-06-04
326,2020-11-05,"[43.931511514590774, -120.12445512746928]",180458743,2020-08-05
327,2020-08-19,"[44.158748507070804, -124.37097530254934]",748160878,2020-05-19
328,2020-08-20,"[43.33184252053871, -124.17650167522018]",733892031,2020-05-20
329,2020-08-26,"[43.82400533056003, -118.23112089016041]",690966342,2020-05-26
330,2020-08-25,"[43.31606195070051, -121.54527853290958]",350567952,2020-05-25
331,2020-09-27,"[44.19808553491313, -118.68997595926186]",253535832,2020-06-27
332,2020-10-10,"[46.15479029736779, -120.6197108148835]",479785575,2020-07-10
333,2020-07-09,"[42.17688220999615, -117.63573458219615]",656290809,2020-04-09
334,2020-08-05,"[44.468297794770955, -124.49751201211923]",687909141,2020-05-05
335,2020-09-23,"[42.058265006527925, -118.36496015477803]",409959221,2020-06-23
336,2020-08-09,"[46.23914507418789, -117.39984476330002]",353008257,2020-05-09
337,2020-09-09,"[44.323409343527814, -123.43403972973536]",825514113,2020-06-09
338,2020-08-10,"[44.62052689971326, -122.7047590128144]",978162365,2020-05-10
339,2020-09-13,"[45.93984768546648, -124.25998387337596]",800537634,2020-06-13
340,2020-08-29,"[44.149387593029815, -116.81009766930721]",817717165,2020-05-29
341,2020-09-13,"[44.605317201359114, -118.58390448658709]",816823586,2020-06-13
342,2020-09-03,"[43.0987559409445, -121.72008079797234]",361843605,2020-06-03
343,2020-10-10,"[43.33893521441033, -117.6610109861287]",333883773,2020-07-10
344,2020-09-11,"[45.854722851468566, -123.69319769292676]",160638936,2020-06-11
345,2020-10-19,"[45.65998478458192, -120.72646944690652]",180564041,2020-07-19
346,2020-10-11,"[42.470883599430465, -121.31160707037597]",414367125,2020-07-11
347,2020-09-21,"[46.209045338286124, -121.34515872323274]",127557310,2020-06-21
348,2020-11-10,"[42.56935019726204, -117.27620131515772]",428313403,2020-08-10
349,2020-09-21,"[42.438672776077766, -116.8615046617327]",541368099,2020-06-21
350,2020-09-09,"[45.95639187521116, -122.41413662637471]",806989190,2020-06-09
351,2020-08-10,"[44.694597026541025, -118.60356723315219]",382773792,2020-05-10
352,2020-07-26,"[44.61052027391735, -120.0699849041193]",498754260,2020-04-26
353,2020-09-18,"[43.50070853067487, -119.05573895927812]",432675990,2020-06-18
354,2020-08-15,"[45.314313321688346, -117.64080156170506]",534205826,2020-05-15
355,2020-10-25,"[42.24133957426089, -117.9701296278646]",225363231,2020-07-25
356,2020-10-29,"[45.24143829767959, -118.21884989406846]",769562215,2020-07-29
357,2020-08-29,"[46.213811022799746, -121.99214163042295]",506603995,2020-05-29
358,2020-08-03,"[45.64942300083932, -117.63586144543898]",479405498,2020-05-03
359,2020-09-09,"[46.15554514294404, -116.97765004316338]",653892058,2020-06-09
360,2020-11-14,"[44.76503323676997, -119.99583463834989]",306501708,2020-08-14
361,2020-08-28,"[43.128467861759376, -116.74495416387407]",116440995,2020-05-28
362,2020-10-13,"[42.662883177807586, -118.78495150929156]",751144890,2020-07-13
363,2020-08-22,"[45.66944366569455, -116.81952718478531]",902317951,2020-05-22
364,2020-10-13,"[46.18204476243568, -119.27469800476729]",374920850,2020-07-13
365,2020-09-06,"[42.295580488055506, -117.49622043301402]",887467714,2020-06-06
366,2020-07-04,"[43.59122896845621, -117.37053360651576]",918350873,2020-04-04
367,2020-11-11,"[44.41020685034899, -123.03170567547902]",569123735,2020-08-11
368,2020-10-21,"[43.316161386900994, -122.75581015388214]",969476338,2020-07-21
369,2020-09-18,"[43.70493685627479, -118.26908185389846]",954457156,2020-06-18
370,2020-09-16,"[42.26758444579102, -121.30685396768625]",264921935,2020-06-16
371,2020-11-23,"[42.738089804393795, -121.90697818163387]",384172240,2020-08-23
372,2020-10-11,"[42.165561405524, -119.39409495952107]",527428477,2020-07-11
373,2020-10-13,"[45.80922944506883, -123.83692764245279]",298831439,2020-07-13
374,2020-08-24,"[44.00108767579373, -117.47260273452643]",221668512,2020-05-24
375,2020-09-28,"[42.31793930985547, -123.1764427300762]",289444104,2020-06-28
376,2020-09-27,"[45.24335917384876, -119.96009972320036]",853246132,2020-06-27
377,2020-07-02,"[42.243580506487646, -116.5715816599702]",564999613,2020-04-02
378,2020-08-11,"[43.5883982224842, -116.66403205446971]",778556682,2020-05-11
379,2020-10-26,"[44.1983011709025, -117.97654839171547]",414644156,2020-07-26
380,2020-11-29,"[44.81712791171323, -121.88470165879788]",615593480,2020-08-29
381,2020-10-11,"[42.83617988625166, -122.78850254928197]",339058809,2020-07-11
382,2020-09-26,"[45.294608827956225, -118.94684395678684]",209957894,2020-06-26
383,2020-09-24,"[45.592149072160744, -120.07818260911495]",551519512,2020-06-24
384,2020-08-17,"[44.32299535335982, -123.0972139124504]",421552608,2020-05-17
385,2020-11-24,"[44.23518382422805, -116.70740448298663]",761930879,2020-08-24
386,2020-07-09,"[42.170711320595935, -122.5803797341974]",944332128,2020-04-09
387,2020-10-06,"[42.37181393422758, -117.2508866853847]",121794150,2020-07-06
388,2020-10-11,"[43.98437245077833, -124.14001723124356]",617576636,2020-07-11
389,2020-09-05,"[45.99289344003651, -118.59330010326795]",276360566,2020-06-05
390,2020-07-12,"[42.903837867903015, -118.23117587964995]",961110018,2020-04-12
391,2020-07-24,"[44.16247588961857, -119.67041023427994]",499197880,2020-04-24
392,2020-08-13,"[44.70913754197095, -118.38064600123892]",341882931,2020-05-13
393,2020-07-28,"[42.813993319290894, -118.30524134744725]",949651907,2020-04-28
394,2020-07-11,"[43.25226181988576, -117.44367025956903]",618222529,2020-04-11
395,2020-11-04,"[43.747265683498185, -119.21584862481205]",411384952,2020-08-04
396,2020-11-29,"[43.127929108052406, -120.93423811270782]",916911402,2020-08-29
397,2020-08-21,"[44.08434644015804, -117.96047879704793]",772919530,2020-05-21
398,2020-11-22,"[42.926202591863685, -118.66753697793935]",687688386,2020-08-22
399,2020-08-07,"[42.74795663065383, -120.03772520713439]",845589500,2020-05-07
400,2020-11-06,"[42.11435908878024, -122.91173510848422]",819257819,2020-08-06
401,2020-07-02,"[45.74698812994846, -120.20109327608418]",939372821,2020-04-02
402,2020-11-23,"[45.366885572903406, -122.14456439224628]",590473675,2020-08-23
403,2020-11-15,"[42.4034353377176, -120.97694811809627]",270682792,2020-08-15
404,2020-08-03,"[45.77258671666271, -121.37601638272699]",653394667,2020-05-03
405,2020-11-01,"[44.264898944612746, -118.8360390932768]",706293946,2020-08-01
406,2020-11-02,"[44.95253109615393, -117.68579716948338]",759793510,2020-08-02
407,2020-07-15,"[43.7447089994149, -120.0656530410165]",828375580,2020-04-15
408,2020-09-13,"[43.50983080045403, -123.29487733718676]",595369994,2020-06-13
409,2020-08-21,"[42.972346916117544, -120.44795115275392]",807523941,2020-05-21
410,2020-10-01,"[42.742591921988755, -122.39920334168167]",933093079,2020-07-01
411,2020-11-28,"[45.18671927627943, -118.86870795530626]",960291461,2020-08-28
412,2020-11-29,"[44.37738490547357, -117.87723609417874]",946354689,2020-08-29
413,2020-11-14,"[43.1590833050721, -123.24560958178725]",755902304,2020-08-14
414,2020-07-08,"[44.581893741417204, -119.3363169423168]",146890234,2020-04-08
415,2020-10-02,"[42.43621260382173, -119.40137199774941]",606218688,2020-07-02
416,2020-11-25,"[45.62465544351345, -124.46639156273993]",640060617,2020-08-25
417,2020-08-11,"[44.86014771357421, -116.89059191749466]",159952718,2020-05-11
418,2020-09-18,"[44.4977883649825, -123.625213032451]",645269185,2020-06-18
419,2020-08-25,"[43.751837389740516, -122.96321089672824]",706857022,2020-05-25
420,2020-11-27,"[44.90900442621959, -123.24874668424623]",597569391,2020-08-27
421,2020-07-03,"[45.14102190832768, -117.77180911243606]",812307153,2020-04-03
422,2020-10-21,"[44.99833462615537, -124.22675282939956]",134106576,2020-07-21
423,2020-09-25,"[44.919068941944985, -123.40406497089533]",625238818,2020-06-25
424,2020-07-18,"[45.46454123627478, -117.10954485965611]",947655025,2020-04-18
425,2020-08-19,"[43.36108077936654, -122.01600136175404]",671319758,2020-05-19
426,2020-10-08,"[42.809986635602584, -116.71620387317952]",661296605,2020-07-08
427,2020-08-07,"[42.050304383320594, -120.77920019535733]",423672024,2020-05-07
428,2020-11-02,"[43.683304574727266, -123.83319388329659]",201823729,2020-08-02
429,2020-10-03,"[43.61105409756476, -124.59166619215863]",607449544,2020-07-03
430,2020-11-06,"[44.52213455229872, -119.31801001403485]",754022133,2020-08-06
431,2020-09-14,"[43.73184000069735, -123.0901406929057]",417932909,2020-06-14
432,2020-08-15,"[42.36743788684314, -119.84941738294067]",922886807,2020-05-15
433,2020-09-23,"[45.312592696780285, -123.17773191915583]",492186435,2020-06-23
434,2020-10-22,"[45.74159156872459, -123.17236775411605]",702160091,2020-07-22
435,2020-10-25,"[44.76389455384485, -118.21259275812477]",355132826,2020-07-25
436,2020-10-15,"[42.17082962298884, -117.24242046989174]",322426758,2020-07-15
437,2020-11-28,"[43.45536439072629, -116.75610648779447]",805729559,2020-08-28
438,2020-09-29,"[42.09375249773552, -119.06554029060527]",703797627,2020-06-29
439,2020-11-17,"[45.59141732759704, -120.35747526693731]",110278165,2020-08-17
440,2020-09-13,"[45.84411369826638, -116.83434255135559]",454235711,2020-06-13
441,2020-10-02,"[42.03850429086919, -122.76702008682776]",478242807,2020-07-02
442,2020-09-05,"[43.06088856264645, -121.31157412532882]",282644846,2020-06-05
443,2020-11-15,"[44.82133083799257, -119.91508238346856]",562493500,2020-08-15
444,2020-11-24,"[46.246443185030316, -122.24825929349407]",701434902,2020-08-24
445,2020-09-12,"[45.696613693726064, -124.30880003460231]",968299638,2020-06-12
446,2020-07-01,"[43.015320599777404, -123.067159044219]",312704395,2020-04-01
447,2020-10-22,"[43.65983257890573, -118.75522231402051]",154075750,2020-07-22
448,2020-08-05,"[45.29943110277711, -121.16789691424839]",395944810,2020-05-05
449,2020-07-28,"[42.77256439891137, -116.91504309735299]",427180862,2020-04-28
450,2020-08-19,"[45.915679145583034, -121.54388729579814]",234394698,2020-05-19
451,2020-10-16,"[44.70599982769148, -121.5737191713958]",369411856,2020-07-16
452,2020-08-02,"[44.01469596810334, -118.24780136991122]",383925051,2020-05-02
453,2020-09-09,"[44.46115688946853, -118.08967051300934]",387062573,2020-06-09
454,2020-07-21,"[42.8125306608181, -117.15075788342784]",485664859,2020-04-21
455,2020-11-25,"[43.46807533818261, -116.8870500678935]",509561873,2020-08-25
456,2020-08-13,"[43.734674849472015, -120.77312556793532]",294707017,2020-05-13
457,2020-07-21,"[45.371733484831914, -124.13230416605896]",319883361,2020-04-21
458,2020-10-16,"[44.66432391894565, -120.70359028556636]",926506040,2020-07-16
459,2020-09-14,"[43.44538668098187, -117.44303463939072]",796405512,2020-06-14
460,2020-07-02,"[42.365297575226876, -117.79152814719079]",615489525,2020-04-02
461,2020-09-06,"[42.0164621899776, -123.10647627862012]",431115585,2020-06-06
462,2020-10-29,"[44.010783010395414, -116.75700048677194]",652322195,2020-07-29
463,2020-07-20,"[43.73812198210407, -123.11219124365245]",854286267,2020-04-20
464,2020-09-05,"[45.95452563831816, -120.00473145532554]",142878244,2020-06-05
465,2020-08-06,"[43.40772040454508, -118.51191638603534]",613266575,2020-05-06
466,2020-08-04,"[44.10416231959773, -122.87222845349149]",668115804,2020-05-04
467,2020-11-25,"[45.37979502765145, -117.58739554632288]",232256623,2020-08-25
468,2020-11-21,"[43.49024806538879, -117.0953648825835]",492806532,2020-08-21
469,2020-09-12,"[42.46304667945096, -117.31434704211098]",296224984,2020-06-12
470,2020-10-09,"[42.20384131350799, -124.11908076112323]",351384749,2020-07-09
471,2020-10-20,"[45.39542705002561, -117.99185940408657]",983115023,2020-07-20
472,2020-11-12,"[42.71576372913586, -118.79892768354838]",598202137,2020-08-12
473,2020-09-23,"[45.004801159836916, -121.97388139199802]",311301298,2020-06-23
474,2020-08-19,"[45.08152017595325, -124.07637454615909]",288119028,2020-05-19
475,2020-08-15,"[42.51335991453097, -120.58603078939524]",685309511,2020-05-15
476,2020-10-18,"[46.088225051116794, -120.12785994289133]",940168338,2020-07-18
477,2020-08-10,"[46.253536533792705, -116.6764566712536]",402893309,2020-05-10
478,2020-08-10,"[43.206551194386094, -124.55137443052395]",198078205,2020-05-10
479,2020-07-27,"[43.026530642147556, -122.58354904248581]",610043174,2020-04-27
480,2020-07-04,"[44.66683909330827, -119.60448330595472]",669843319,2020-04-04
481,2020-11-03,"[42.554934932576074, -117.11633648030788]",390168980,2020-08-03
482,2020-10-16,"[42.414970489466526, -122.33515203639475]",671099224,2020-07-16
483,2020-11-26,"[44.826148385863014, -118.7445052254972]",582198216,2020-08-26
484,2020-09-26,"[43.05644977461457, -122.87800490624012]",274728146,2020-06-26
485,2020-07-07,"[45.71615788673754, -116.99236010182656]",117613061,2020-04-07
486,2020-09-29,"[46.2591816472957, -120.67876458466775]",560131928,2020-06-29
487,2020-07-22,"[44.80057142478247, -118.91972835807562]",427100055,2020-04-22
488,2020-08-28,"[45.95699093860927, -121.70144971241945]",902278750,2020-05-28
489,2020-11-24,"[45.21535001533677, -118.8648237739239]",415611257,2020-08-24
490,2020-11-04,"[44.90007481505661, -117.1901008275359]",828724122,2020-08-04
491,2020-11-16,"[43.48229636896279, -117.57774758883777]",200939936,2020-08-16
492,2020-10-24,"[43.2947032272035, -121.13186719482383]",545826722,2020-07-24
493,2020-08-23,"[43.963313240110324, -121.36914613304377]",169268544,2020-05-23
494,2020-08-22,"[43.173359889792486, -123.80132862116457]",189746017,2020-05-22
495,2020-08-11,"[42.82638362748931, -117.41080544917362]",636840942,2020-05-11
496,2020-11-16,"[42.40115861630314, -118.65066721059013]",131162465,2020-08-16
497,2020-09-02,"[44.42393701840057, -116.90311794151829]",576079459,2020-06-02
498,2020-11-10,"[43.34499025428493, -121.80521957456254]",554448804,2020-08-10
499,2020-08-11,"[44.773385161027406, -121.48106831424076]",594313051,2020-05-11
500,2020-08-16,"[45.70126751390631, -117.04388339165277]",371393232,2020-05-16
501,2020-09-10,"[46.19783802808687, -118.35366304279574]",852813855,2020-06-10
502,2020-10-09,"[44.59595320337342, -122.0599132168613]",475720271,2020-07-09
503,2020-10-14,"[43.57173334843367, -117.83949927187318]",983209094,2020-07-14
504,2020-08-21,"[44.54702153781182, -118.27516256742778]",834991507,2020-05-21
505,2020-10-27,"[42.55206551698544, -120.49553903843648]",486894989,2020-07-27
506,2020-10-11,"[42.50607029563946, -121.94964206950733]",277253262,2020-07-11
507,2020-11-29,"[43.311380374803505, -117.68424942956655]",799577217,2020-08-29
508,2020-09-04,"[44.58821002998553, -118.63853247223476]",266532439,2020-06-04
509,2020-11-10,"[43.61220070235085, -121.99777310379523]",349848708,2020-08-10
510,2020-07-04,"[42.36148826834225, -118.80131359216576]",432070770,2020-04-04
511,2020-07-10,"[43.55074361761739, -123.16091533673391]",155494548,2020-04-10
512,2020-09-04,"[42.95132646729547, -117.72522106971819]",723951235,2020-06-04
513,2020-09-02,"[44.33242145034415, -120.03332511887818]",396575920,2020-06-02
514,2020-10-25,"[43.70063570832257, -123.96230827752238]",158505987,2020-07-25
515,2020-08-08,"[45.26201934344947, -119.94009010253274]",384003367,2020-05-08
516,2020-07-02,"[43.01316222486423, -119.3342519789286]",684252747,2020-04-02
517,2020-07-06,"[46.25477408485004, -121.47995206382046]",668636175,2020-04-06
518,2020-09-19,"[44.50702419317935, -117.31375541712656]",761008016,2020-06-19
519,2020-10-11,"[45.657370196537, -119.72388580439076]",745883418,2020-07-11
520,2020-10-20,"[45.45368438673237, -119.22058733798079]",496168798,2020-07-20
521,2020-11-28,"[46.01119480754378, -124.34844878213532]",126365772,2020-08-28
522,2020-11-06,"[45.01455906283098, -116.8701953452709]",236111989,2020-08-06
523,2020-11-05,"[43.50538523604742, -119.09877437382859]",892578953,2020-08-05
524,2020-07-01,"[45.748834250193575, -117.52697694609289]",372036871,2020-04-01
525,2020-08-17,"[43.33057625097554, -123.96920194608735]",922077098,2020-05-17
526,2020-07-01,"[42.71394092266289, -123.60601103404393]",985869962,2020-04-01
527,2020-08-02,"[42.008821305516584, -120.25880819888702]",521664271,2020-05-02
528,2020-09-12,"[44.98008016803165, -116.79067953063645]",612221929,2020-06-12
529,2020-11-09,"[44.56446470728799, -122.6231452928491]",387246594,2020-08-09
530,2020-10-04,"[43.22137753054057, -121.07173177566196]",769850349,2020-07-04
531,2020-11-06,"[45.96613706343585, -121.43789543322842]",373499780,2020-08-06
532,2020-08-04,"[45.13924552323724, -124.21493135599441]",504062890,2020-05-04
533,2020-08-29,"[46.097303686118266, -117.32774662613605]",614281582,2020-05-29
534,2020-10-22,"[45.63590310333477, -119.96165147385248]",319468371,2020-07-22
535,2020-07-22,"[43.33320715841679, -119.36925556645208]",835474896,2020-04-22
536,2020-10-12,"[42.936103365968094, -122.11416401381352]",901085608,2020-07-12
537,2020-09-19,"[42.36883521413051, -124.48579712299987]",619311539,2020-06-19
538,2020-08-05,"[43.174099038540554, -123.51212590753347]",859093518,2020-05-05
539,2020-10-07,"[45.18033943848448, -117.79847342542595]",903722398,2020-07-07
540,2020-07-09,"[43.038777132374854, -122.02431738351453]",322207748,2020-04-09
541,2020-07-21,"[45.14347186461201, -124.20259886938292]",617145118,2020-04-21
542,2020-11-25,"[42.92160595674139, -117.08990320361373]",336638785,2020-08-25
543,2020-09-08,"[42.84662865688577, -121.71143063113159]",519779391,2020-06-08
544,2020-07-16,"[42.557359099873, -116.66774871385134]",755362681,2020-04-16
545,2020-11-10,"[44.69223798544597, -123.45256654286833]",605702236,2020-08-10
546,2020-07-16,"[45.06348552475693, -122.74868517392082]",199165142,2020-04-16
547,2020-07-22,"[42.69704987842887, -124.23156274803391]",575283147,2020-04-22
548,2020-08-26,"[44.213642008764594, -122.59499153431122]",224050368,2020-05-26
549,2020-10-16,"[43.02455719115946, -121.82950755065565]",799130547,2020-07-16
550,2020-11-25,"[43.55264478975492, -123.41991547575113]",394063617,2020-08-25
551,2020-07-25,"[44.028835318875885, -119.59558959327761]",677011843,2020-04-25
552,2020-08-21,"[43.97727708026003, -117.07780174283212]",436271589,2020-05-21
553,2020-08-29,"[45.31315834016365, -119.22643097542604]",870345642,2020-05-29
554,2020-08-08,"[46.268373670543525, -124.16866972608571]",904238162,2020-05-08
555,2020-07-02,"[42.99417148815652, -122.71914993260565]",574560523,2020-04-02
556,2020-10-18,"[43.38533823577252, -116.89749072015479]",153851701,2020-07-18
557,2020-11-06,"[43.50788648794661, -118.77105063286258]",120645909,2020-08-06
558,2020-08-02,"[46.126005513276176, -117.54133276523055]",483044632,2020-05-02
559,2020-08-28,"[43.674477623307205, -119.19080357355469]",427716756,2020-05-28
560,2020-07-17,"[45.8871755034845, -124.4681712419491]",614061163,2020-04-17
561,2020-09-01,"[43.73703113905216, -120.25403787749819]",295294510,2020-06-01
562,2020-10-26,"[44.11555948744364, -122.34167664217209]",889371307,2020-07-26
563,2020-10-26,"[42.42011301839327, -124.50299638999469]",100037384,2020-07-26
564,2020-10-08,"[42.65813525543696, -120.51952417965089]",751873011,2020-07-08
565,2020-07-26,"[45.678867368495624, -121.08064401874866]",568264419,2020-04-26
566,2020-10-28,"[43.29185644583128, -122.51310510713856]",899388170,2020-07-28
567,2020-11-15,"[44.63779228112577, -122.62897756358689]",892201681,2020-08-15
568,2020-11-14,"[46.06781972394123, -120.48991062777108]",302082316,2020-08-14
569,2020-09-19,"[45.19697472054319, -117.90335291436311]",285935147,2020-06-19
570,2020-07-04,"[43.24240718759954, -119.77244023002368]",820590715,2020-04-04
571,2020-11-19,"[45.82230591812074, -120.13998484764608]",434066391,2020-08-19
572,2020-10-09,"[46.128394712805495, -122.19751950019278]",742213884,2020-07-09
573,2020-11-14,"[44.06930320379427, -116.66110388970972]",484840622,2020-08-14
574,2020-08-24,"[44.14951236729545, -122.12603345143633]",394794329,2020-05-24
575,2020-10-06,"[43.5463480835871, -123.80819007207793]",751606757,2020-07-06
576,2020-07-13,"[45.491493073651, -122.67443154058816]",266009041,2020-04-13
577,2020-07-20,"[42.67982819268597, -123.00044567780715]",836975763,2020-04-20
578,2020-10-18,"[44.994608890802034, -116.6066393228456]",461313402,2020-07-18
579,2020-09-16,"[45.62463140977423, -120.25893264963202]",107121373,2020-06-16
580,2020-07-09,"[44.1529042376101, -123.34417498723748]",100190155,2020-04-09
581,2020-11-23,"[45.654559589004315, -120.29860093701598]",524701790,2020-08-23
582,2020-09-06,"[45.27019645580681, -117.0847376290702]",652032788,2020-06-06
583,2020-07-11,"[42.48922012194594, -117.06136901595369]",378463737,2020-04-11
584,2020-11-27,"[45.57014509273415, -123.6165249196665]",302086601,2020-08-27
585,2020-07-27,"[42.35333420287086, -118.61725013403526]",570449573,2020-04-27
586,2020-11-18,"[44.866263005997254, -120.18323156962404]",417277079,2020-08-18
587,2020-07-10,"[43.780035662323954, -121.10429485590547]",919719283,2020-04-10
588,2020-10-11,"[45.03439782522899, -124.27083965161322]",611167988,2020-07-11
589,2020-11-05,"[43.112747182460105, -120.3275070214127]",836123284,2020-08-05
590,2020-11-18,"[45.57727977555702, -122.08525275693269]",331651312,2020-08-18
591,2020-10-02,"[44.52821728970947, -118.71071603546359]",754121547,2020-07-02
592,2020-08-18,"[45.53251927054716, -119.52446049805808]",867774384,2020-05-18
593,2020-10-08,"[42.44499436694671, -118.8232302240349]",713727256,2020-07-08
594,2020-08-08,"[42.79202956430727, -118.99544012027474]",842163267,2020-05-08
595,2020-07-27,"[44.50637662029767, -117.1937411481241]",243147666,2020-04-27
596,2020-10-22,"[44.43978725000865, -121.77035172467718]",157913166,2020-07-22
597,2020-11-14,"[44.35168848135991, -120.93878713668119]",422579821,2020-08-14
598,2020-10-08,"[46.02983319807356, -120.68310118402117]",100697116,2020-07-08
599,2020-07-22,"[45.64407527436159, -119.99212951507394]",827212281,2020-04-22
600,2020-07-12,"[44.25783897188532, -123.12733319381154]",578001152,2020-04-12
601,2020-11-17,"[43.011538799772595, -121.9378935995544]",715400286,2020-08-17
602,2020-09-02,"[42.9168556144593, -117.42152350734517]",767463380,2020-06-02
603,2020-11-13,"[43.36669603439579, -123.33659975730393]",282765374,2020-08-13
604,2020-07-21,"[44.98057962695039, -119.12889827144754]",830944702,2020-04-21
605,2020-11-06,"[42.184324123825796, -117.79562657158466]",636260954,2020-08-06
606,2020-07-07,"[46.219589354816094, -120.43862021117081]",937773213,2020-04-07
607,2020-08-21,"[46.2836485592256, -119.01807631502096]",687668258,2020-05-21
608,2020-10-19,"[43.76750804772146, -118.92048590832358]",559124795,2020-07-19
609,2020-08-13,"[43.45295106214518, -121.58803298550704]",112081519,2020-05-13
610,2020-09-26,"[44.50966981936104, -122.82174267187503]",593559877,2020-06-26
611,2020-10-06,"[45.38024998114864, -122.35959294384891]",705042274,2020-07-06
612,2020-11-02,"[42.114953959664184, -119.96420361698605]",517541226,2020-08-02
613,2020-07-12,"[46.02317643494304, -117.69723427056445]",193652643,2020-04-12
614,2020-09-19,"[43.95643968109918, -122.16642355889486]",479394909,2020-06-19
615,2020-08-22,"[46.17841024593336, -122.06144135960083]",214234282,2020-05-22
616,2020-09-01,"[42.9543989504974, -124.54871596481509]",218902490,2020-06-01
617,2020-08-24,"[42.3352430407179, -119.09921216513304]",233175320,2020-05-24
618,2020-08-02,"[46.290348488127435, -124.18322414009477]",626262301,2020-05-02
619,2020-07-04,"[45.51546722766219, -119.66664275827115]",818044124,2020-04-04
620,2020-07-11,"[43.60149066005645, -117.7487132106292]",398189413,2020-04-11
621,2020-11-15,"[43.65970729459793, -123.26029334123082]",916709811,2020-08-15
622,2020-11-22,"[44.20587008490008, -123.33901065300407]",600540623,2020-08-22
623,2020-07-07,"[45.11682418978425, -118.80088188207615]",749571067,2020-04-07
624,2020-10-09,"[46.069307022958796, -123.84401902671856]",737453291,2020-07-09
625,2020-08-27,"[42.51871817780426, -116.94526589791592]",531362303,2020-05-27
626,2020-11-15,"[46.12311643175977, -118.29936035268945]",836355342,2020-08-15
627,2020-10-06,"[46.1710418671372, -118.29345524157584]",503792603,2020-07-06
628,2020-08-06,"[42.468872382346106, -116.69902134913062]",764658918,2020-05-06
629,2020-09-19,"[44.35521211839656, -124.4928395336307]",275255765,2020-06-19
630,2020-07-16,"[45.636402234213726, -120.84785957293444]",196849494,2020-04-16
631,2020-11-24,"[43.43903946763612, -122.01102498286086]",357138556,2020-08-24
632,2020-08-24,"[45.20364575873159, -118.49414491269661]",832726820,2020-05-24
633,2020-07-03,"[42.98589099203558, -124.00556497403264]",826952135,2020-04-03
634,2020-07-29,"[42.412694690395256, -116.93799912881556]",162951135,2020-04-29
635,2020-11-13,"[44.933917810905406, -121.93421545215138]",423862603,2020-08-13
636,2020-09-22,"[45.10381824254241, -120.11945610722759]",947849475,2020-06-22
637,2020-07-05,"[44.54933016374836, -123.96572927131294]",298190908,2020-04-05
638,2020-08-22,"[46.118618348379144, -124.4808884295225]",963945697,2020-05-22
639,2020-09-18,"[44.3301300190507, -117.19494761372142]",972126162,2020-06-18
640,2020-08-09,"[44.11099225676029, -121.08362555017318]",460757924,2020-05-09
641,2020-08-15,"[43.189292658116976, -121.07644781390718]",752498534,2020-05-15
642,2020-10-12,"[44.21774432276365, -120.50665040773644]",339226683,2020-07-12
643,2020-08-09,"[45.26176017226895, -122.83260141585264]",384722376,2020-05-09
644,2020-09-21,"[45.24253226141885, -119.2651615369541]",157268057,2020-06-21
645,2020-09-23,"[44.61063323157022, -122.12792651936324]",122995248,2020-06-23
646,2020-09-29,"[45.43308309693886, -120.73238684588482]",792591155,2020-06-29
647,2020-10-29,"[45.513935618937296, -118.91278337832162]",474345856,2020-07-29
648,2020-10-16,"[43.99478267146099, -122.03520498854415]",958189857,2020-07-16
649,2020-11-01,"[43.30075522182443, -120.85203244968686]",529072020,2020-08-01
650,2020-11-22,"[45.679366494790706, -119.39738219867561]",143015437,2020-08-22
651,2020-11-19,"[45.221658096558095, -121.5897060953359]",190485828,2020-08-19
652,2020-10-08,"[44.89792914458986, -120.51785820026275]",231954906,2020-07-08
653,2020-11-03,"[43.91360398991625, -117.4957394920086]",231603518,2020-08-03
654,2020-10-22,"[42.51781214312455, -117.22695121983585]",266555463,2020-07-22
655,2020-08-23,"[43.467041162619815, -122.34872372638672]",200484885,2020-05-23
656,2020-11-08,"[43.097022514758656, -117.38171005929186]",947396283,2020-08-08
657,2020-07-26,"[46.17961596242059, -122.34924898309333]",270649039,2020-04-26
658,2020-10-07,"[42.57089806936512, -119.07721264779775]",958479783,2020-07-07
659,2020-07-29,"[44.889298235872246, -121.84066652012208]",636161502,2020-04-29
660,2020-08-13,"[43.598971769433966, -119.26211105393521]",736171663,2020-05-13
661,2020-10-18,"[44.684652835464895, -124.37649876694753]",778837494,2020-07-18
662,2020-11-09,"[43.92632455662847, -119.75703412169078]",935914599,2020-08-09
663,2020-11-26,"[44.9336631032546, -124.01119815850178]",136221776,2020-08-26
664,2020-11-20,"[45.34726821063018, -118.45493429307321]",785038615,2020-08-20
665,2020-09-11,"[46.16406027803135, -119.64255834364981]",274495046,2020-06-11
666,2020-11-18,"[42.55656296568358, -118.33697118654146]",954662133,2020-08-18
667,2020-09-09,"[43.718397261929915, -117.91884602481767]",401861197,2020-06-09
668,2020-08-07,"[44.72723907810147, -121.26184462346153]",907657974,2020-05-07
669,2020-07-28,"[45.80046898254899, -118.56701710944853]",125186544,2020-04-28
670,2020-11-09,"[44.115386261582685, -116.94241947395987]",732793252,2020-08-09
671,2020-10-14,"[45.13060973041191, -118.10841038011522]",384211312,2020-07-14
672,2020-08-22,"[44.85685153610546, -117.9951900876244]",351486376,2020-05-22
673,2020-07-24,"[44.15540077837655, -123.75256281238292]",801922607,2020-04-24
674,2020-11-16,"[44.397954005938715, -117.40880522760065]",231538742,2020-08-16
675,2020-11-07,"[43.79099033816787, -123.12446381863862]",130665263,2020-08-07
676,2020-11-02,"[42.94259895939542, -123.81537801670277]",255904004,2020-08-02
677,2020-10-12,"[45.05536141357694, -124.41733693902758]",209027792,2020-07-12
678,2020-09-14,"[43.5764169715204, -120.20968764334309]",469154981,2020-06-14
679,2020-09-25,"[45.56449509098425, -116.71681086392346]",120092331,2020-06-25
680,2020-09-08,"[44.728306369092294, -118.29940432698098]",942317338,2020-06-08
681,2020-11-01,"[44.9416539434747, -120.01417275045304]",179693944,2020-08-01
682,2020-11-13,"[44.70848887646983, -122.0110332842116]",645771322,2020-08-13
683,2020-07-12,"[44.198494824174595, -123.44015635451994]",888579244,2020-04-12
684,2020-08-01,"[43.63942530448752, -116.55084384206296]",485489620,2020-05-01
685,2020-10-21,"[44.79553901751037, -116.94321106649207]",810242013,2020-07-21
686,2020-10-27,"[42.9373789088355, -122.27145208168375]",137692575,2020-07-27
687,2020-10-14,"[44.18360490949421, -118.58049001546429]",740273709,2020-07-14
688,2020-10-15,"[45.786350745680934, -118.68945487346214]",458865806,2020-07-15
689,2020-08-09,"[43.82778037851582, -122.25265437546746]",580420375,2020-05-09
690,2020-07-06,"[42.23200269098754, -119.38973107391398]",712462874,2020-04-06
691,2020-11-03,"[45.775145363940894, -122.41313197632589]",202380018,2020-08-03
692,2020-10-20,"[45.28307742334632, -123.95634654453998]",222097027,2020-07-20
693,2020-09-24,"[42.01172398433162, -122.71409756756238]",814374101,2020-06-24
694,2020-09-24,"[44.40762402587386, -117.98614034478906]",929179952,2020-06-24
695,2020-08-07,"[45.40612525993389, -119.02400167113191]",498716554,2020-05-07
696,2020-08-12,"[45.89793107481202, -119.8145010629971]",741485980,2020-05-12
697,2020-07-02,"[46.200956060447226, -124.35444109943931]",273711258,2020-04-02
698,2020-10-15,"[43.11457987875351, -119.42568135945483]",514230451,2020-07-15
699,2020-10-19,"[44.19174355720745, -122.14471810493744]",896019014,2020-07-19
700,2020-10-17,"[43.42574267350124, -122.62163686086289]",536677838,2020-07-17
701,2020-07-23,"[44.21710340801656, -123.26133878263431]",987414037,2020-04-23
702,2020-09-07,"[46.24590730264523, -120.79863157382758]",935626824,2020-06-07
703,2020-07-01,"[42.982006616768494, -122.18127315968607]",665235685,2020-04-01
704,2020-09-07,"[43.00892846701906, -117.9257570589846]",849777956,2020-06-07
705,2020-08-14,"[44.42634360733764, -120.59917070406617]",909708742,2020-05-14
706,2020-08-20,"[42.09415580515854, -123.94010744611893]",200412110,2020-05-20
707,2020-11-27,"[44.3240057762533, -123.39546778511512]",865500100,2020-08-27
708,2020-10-24,"[43.68704155578487, -116.87136181985362]",594071698,2020-07-24
709,2020-07-03,"[45.9966728980363, -122.72908474600894]",508762790,2020-04-03
710,2020-11-11,"[42.222518440414085, -121.86701091776645]",252891502,2020-08-11
711,2020-11-25,"[45.446387889258055, -118.69746596689383]",181009484,2020-08-25
712,2020-11-18,"[42.02535932091277, -122.49085013801151]",611750317,2020-08-18
713,2020-09-17,"[42.94878923965874, -122.33717634214986]",945986222,2020-06-17
714,2020-09-07,"[42.4207830137247, -122.5113925052199]",478487958,2020-06-07
715,2020-08-06,"[42.76717789680592, -118.29400951922902]",800027375,2020-05-06
716,2020-10-11,"[44.20666663638435, -118.54791381097205]",619679548,2020-07-11
717,2020-08-03,"[43.58598878405924, -116.63489293782811]",924774181,2020-05-03
718,2020-09-15,"[44.853439733124006, -117.22303534005432]",854686438,2020-06-15
719,2020-07-22,"[45.144308033229066, -116.886742532603]",272734456,2020-04-22
720,2020-08-02,"[44.737438964799374, -123.73402661329908]",274880957,2020-05-02
721,2020-07-03,"[42.85072443791363, -122.98706756866893]",182401555,2020-04-03
722,2020-11-25,"[42.19231411539731, -118.30807586644538]",198288180,2020-08-25
723,2020-08-14,"[43.38073857584604, -120.19838567120593]",190073651,2020-05-14
724,2020-10-22,"[45.87871596554438, -119.54151611967006]",124460912,2020-07-22
725,2020-11-02,"[46.19816640413766, -117.19887814016448]",373611100,2020-08-02
726,2020-10-20,"[44.856331147682056, -117.32013741464279]",340204435,2020-07-20
727,2020-11-14,"[44.26766290881927, -122.8613878177861]",293854584,2020-08-14
728,2020-11-04,"[42.641856370905025, -118.85540035565057]",153569564,2020-08-04
729,2020-07-27,"[44.61607842910289, -117.00616982620329]",533204848,2020-04-27
730,2020-07-27,"[45.608928193858546, -123.29484979345658]",837511256,2020-04-27
731,2020-08-17,"[43.12472451360709, -123.68437708006887]",705554012,2020-05-17
732,2020-10-17,"[43.06830603173815, -123.71652123351888]",771323981,2020-07-17
733,2020-07-05,"[46.04980049197535, -116.74501663044235]",709372547,2020-04-05
734,2020-07-09,"[42.00605672480184, -119.20000889948138]",693064190,2020-04-09
735,2020-09-27,"[43.379257982513224, -120.34875873413678]",273581218,2020-06-27
736,2020-08-13,"[44.9326692471178, -121.67716859796256]",598484601,2020-05-13
737,2020-10-23,"[45.697019201484224, -121.68809886537777]",642228817,2020-07-23
738,2020-07-27,"[45.92929120920616, -122.62063016314005]",522092507,2020-04-27
739,2020-07-13,"[44.44379883034232, -117.82733121635982]",151640952,2020-04-13
740,2020-07-06,"[42.624317478447175, -123.88403086001927]",702877306,2020-04-06
741,2020-07-23,"[44.119082902231774, -123.81993642212647]",579922209,2020-04-23
742,2020-10-10,"[43.249840476776306, -121.74312332675065]",842173587,2020-07-10
743,2020-11-19,"[42.16198536806616, -121.08473889054115]",684177772,2020-08-19
744,2020-07-11,"[46.15285809265615, -117.15706324905653]",635425965,2020-04-11
745,2020-09-29,"[42.63834691541235, -119.24234113359918]",936549497,2020-06-29
746,2020-11-29,"[46.186282956146506, -123.63398306947049]",440355693,2020-08-29
747,2020-09-02,"[44.590866951002084, -120.48142279291272]",880114712,2020-06-02
748,2020-11-10,"[42.69344634493508, -117.72435100191122]",514749471,2020-08-10
749,2020-08-06,"[44.40479623255969, -122.2422689106797]",873588084,2020-05-06
750,2020-08-01,"[42.82512632804104, -120.33842660155774]",875355215,2020-05-01
751,2020-11-06,"[44.513387350707355, -120.2496949185336]",628717368,2020-08-06
752,2020-07-21,"[42.42469977268921, -120.2260286635971]",829163468,2020-04-21
753,2020-08-17,"[45.16616451899084, -124.47565050603568]",964839812,2020-05-17
754,2020-11-17,"[45.093885227315404, -123.27042996861547]",602262562,2020-08-17
755,2020-07-27,"[45.26966424794577, -121.10343451813408]",668320556,2020-04-27
756,2020-08-28,"[45.50617137524784, -122.60511300071175]",826728298,2020-05-28
757,2020-11-13,"[43.74616128426653, -119.01670374006935]",847696838,2020-08-13
758,2020-08-01,"[42.81367172114432, -117.97840365807568]",876534086,2020-05-01
759,2020-08-20,"[46.25091130996214, -120.51944211940851]",336924531,2020-05-20
760,2020-08-03,"[44.97664098109962, -121.67035166250245]",144671719,2020-05-03
761,2020-11-08,"[46.226259182698826, -120.42880134737337]",959084363,2020-08-08
762,2020-07-18,"[42.862780321584445, -117.89661685973614]",852330358,2020-04-18
763,2020-10-10,"[46.09000147666616, -121.69824970991132]",794564040,2020-07-10
764,2020-08-01,"[42.68804805037255, -120.64020517000493]",607749694,2020-05-01
765,2020-10-20,"[44.49750470425694, -123.09507084312956]",697653163,2020-07-20
766,2020-08-21,"[42.24198260667196, -124.09382620296255]",900924185,2020-05-21
767,2020-11-01,"[44.01544388292843, -122.57222797048252]",164230577,2020-08-01
768,2020-09-29,"[45.51359418610214, -119.49978694749504]",646162015,2020-06-29
769,2020-11-21,"[44.6046454589858, -123.38439580998315]",181497887,2020-08-21
770,2020-09-06,"[42.84363553019663, -118.83578312578797]",294017591,2020-06-06
771,2020-07-07,"[44.2528458943373, -123.55257390404756]",253191818,2020-04-07
772,2020-08-27,"[42.633255399704595, -116.57759305182388]",708340664,2020-05-27
773,2020-09-12,"[46.02409509881207, -119.92124690704867]",622700744,2020-06-12
774,2020-07-23,"[45.072832883642576, -122.98660371225492]",531697308,2020-04-23
775,2020-07-12,"[43.40523818689827, -121.36591445842184]",649566665,2020-04-12
776,2020-09-04,"[44.54418330540616, -120.31780503317833]",882661895,2020-06-04
777,2020-07-25,"[44.56591293839876, -122.4418729051264]",878785019,2020-04-25
778,2020-09-10,"[43.16587900851232, -118.62014151136687]",140615216,2020-06-10
779,2020-11-08,"[46.08772064653482, -120.0036965759823]",553846079,2020-08-08
780,2020-11-29,"[42.59839567002556, -122.95367543026842]",343718644,2020-08-29
781,2020-08-14,"[42.31655876071188, -124.24717874570922]",476382323,2020-05-14
782,2020-07-15,"[45.793515550579336, -120.94942178729438]",903731889,2020-04-15
783,2020-07-03,"[44.96385944318751, -122.41298432074858]",690696837,2020-04-03
784,2020-09-01,"[45.357181021163015, -122.54970804311]",553579239,2020-06-01
785,2020-10-10,"[44.26099236605847, -118.94864180420862]",399385827,2020-07-10
786,2020-10-18,"[42.00318626161471, -122.34963306637493]",800905618,2020-07-18
787,2020-10-27,"[46.058680501991624, -118.11894747705256]",799009167,2020-07-27
788,2020-07-03,"[42.4419726421167, -119.5326452596224]",252203799,2020-04-03
789,2020-11-24,"[45.48236223326237, -117.53637860691201]",996159738,2020-08-24
790,2020-08-04,"[43.774652189995514, -120.27616379819251]",175011110,2020-05-04
791,2020-07-13,"[45.1644003563348, -117.61264880264319]",137315912,2020-04-13
792,2020-07-27,"[44.250189473665976, -118.62025406658508]",234844926,2020-04-27
793,2020-09-23,"[45.28859544199632, -120.29074902985502]",339543683,2020-06-23
794,2020-09-27,"[42.71916853520276, -122.78135270969831]",432496203,2020-06-27
795,2020-11-17,"[45.910168598811715, -117.7118451416801]",356876142,2020-08-17
796,2020-11-05,"[42.286149817532035, -122.12096451030155]",783896957,2020-08-05
797,2020-09-20,"[45.5251865720665, -120.10480441527079]",261408194,2020-06-20
798,2020-11-12,"[46.234447860191764, -123.61433493684531]",205027420,2020-08-12
799,2020-11-06,"[43.70328720974775, -119.73389783147879]",365406423,2020-08-06
800,2020-09-10,"[45.34988914376725, -123.75615713836329]",331943655,2020-06-10
801,2020-09-23,"[44.222811748370106, -123.30668925976633]",616091402,2020-06-23
802,2020-11-01,"[44.64696100267093, -123.50837321883263]",201961216,2020-08-01
803,2020-07-10,"[45.26558049843742, -119.46775190604424]",737023190,2020-04-10
804,2020-11-25,"[42.15635240385598, -117.33574871141738]",237387085,2020-08-25
805,2020-07-06,"[43.49014296477983, -120.07109867881688]",406650703,2020-04-06
806,2020-07-19,"[43.86061486514092, -123.18159650393662]",367284561,2020-04-19
807,2020-09-16,"[44.154019998952386, -124.17367352608365]",315500763,2020-06-16
808,2020-10-27,"[42.247960397411674, -116.72542876279668]",181098893,2020-07-27
809,2020-07-25,"[45.82615773275774, -117.54464653771072]",330018051,2020-04-25
810,2020-10-22,"[43.885150953306706, -118.89417873383739]",448848104,2020-07-22
811,2020-08-12,"[42.8331136669245, -119.14793127216734]",864307439,2020-05-12
812,2020-07-22,"[44.63991841491572, -122.35568107800604]",270163007,2020-04-22
813,2020-07-20,"[44.74716953107279, -121.80458759737316]",360507258,2020-04-20
814,2020-09-13,"[45.55625045552739, -121.55227775319145]",706059578,2020-06-13
815,2020-09-21,"[46.12691755825416, -122.40269727713358]",206566585,2020-06-21
816,2020-07-20,"[44.58909540042788, -120.51525401854596]",643249356,2020-04-20
817,2020-09-26,"[44.02985883912658, -120.43075144748173]",268859247,2020-06-26
818,2020-10-20,"[43.61420247396076, -121.85580387513949]",707336540,2020-07-20
819,2020-10-02,"[46.13490293492725, -123.33876297016046]",896802021,2020-07-02
820,2020-09-20,"[46.005689042110035, -118.6970398559187]",791912868,2020-06-20
821,2020-07-21,"[44.605834937227975, -120.8427351972624]",450269388,2020-04-21
822,2020-08-02,"[46.077168848475544, -120.04366827948061]",542196599,2020-05-02
823,2020-09-24,"[43.913386204035, -118.0037493256302]",800786854,2020-06-24
824,2020-09-22,"[44.83781410364548, -120.58818213693307]",121497190,2020-06-22
825,2020-07-26,"[46.17278053361032, -118.53997222991373]",918305321,2020-04-26
826,2020-09-08,"[42.317455615327, -124.46921355225311]",313199778,2020-06-08
827,2020-10-09,"[42.61941783761168, -120.08471084259425]",331022378,2020-07-09
828,2020-08-03,"[45.1225472445003, -118.88382236946325]",880276148,2020-05-03
829,2020-10-16,"[45.41633318577293, -118.03714707496687]",418273331,2020-07-16
830,2020-08-22,"[44.41239253891847, -120.58780733875318]",867250661,2020-05-22
831,2020-08-11,"[45.27994263571133, -116.95096903550098]",891945949,2020-05-11
832,2020-11-12,"[44.0951301149375, -123.0659487323455]",558067521,2020-08-12
833,2020-09-12,"[46.051128858948694, -121.15703510617294]",246949829,2020-06-12
834,2020-09-22,"[45.09534098060316, -123.56215972549194]",420286502,2020-06-22
835,2020-08-19,"[44.53238073101933, -119.7764665288632]",177391482,2020-05-19
836,2020-10-29,"[42.2336991723054, -117.70230529885258]",460393623,2020-07-29
837,2020-09-15,"[45.99458190093514, -118.22358711402991]",849877152,2020-06-15
838,2020-08-05,"[43.060198529846936, -119.8667406577515]",756202575,2020-05-05
839,2020-08-14,"[45.88541557711106, -121.99233459534614]",498850705,2020-05-14
840,2020-09-17,"[42.20151764761649, -124.37820481919967]",788791365,2020-06-17
841,2020-11-23,"[45.69659672585071, -119.80833577215826]",189755151,2020-08-23
842,2020-08-15,"[42.04191092027979, -117.75974409645858]",222601662,2020-05-15
843,2020-10-26,"[43.749735673126565, -123.96278908244382]",361901461,2020-07-26
844,2020-11-07,"[43.29678744763765, -121.58710887067187]",654320187,2020-08-07
845,2020-08-06,"[43.29347749996343, -119.07182657959274]",996772623,2020-05-06
846,2020-09-12,"[43.90336940507697, -117.36379071095081]",499899815,2020-06-12
847,2020-11-16,"[42.77447109651735, -119.74855437580527]",460443678,2020-08-16
848,2020-07-26,"[46.28569325938442, -121.46811126379733]",624585886,2020-04-26
849,2020-10-23,"[46.00891054771038, -123.75853822517216]",908649400,2020-07-23
850,2020-08-29,"[46.105271405003556, -124.5853920197598]",304567564,2020-05-29
851,2020-09-08,"[44.434871413263096, -117.2821007129011]",843197804,2020-06-08
852,2020-10-23,"[44.666939320544714, -117.61202157112102]",774154930,2020-07-23
853,2020-11-05,"[44.99890770670569, -118.27032579367254]",552736160,2020-08-05
854,2020-11-07,"[43.23057244258704, -122.75784727487874]",651975711,2020-08-07
855,2020-09-24,"[42.91250733899636, -117.05139556577687]",883790623,2020-06-24
856,2020-07-04,"[43.739080385762186, -118.96247598928665]",781083584,2020-04-04
857,2020-10-21,"[45.466544648901035, -118.624687120601]",127500546,2020-07-21
858,2020-08-11,"[45.21099148097335, -121.29328356468389]",443776101,2020-05-11
859,2020-10-05,"[45.68200481505192, -121.08473697426263]",836549001,2020-07-05
860,2020-09-03,"[45.81324228586838, -121.41334688096664]",570977714,2020-06-03
861,2020-09-07,"[44.89312529842235, -122.96748539391972]",417224984,2020-06-07
862,2020-09-18,"[42.234728879668744, -118.09178412184387]",906445994,2020-06-18
863,2020-11-01,"[45.156068703739365, -120.95185766547863]",861569716,2020-08-01
864,2020-10-06,"[44.02466019184161, -121.13935385678418]",245837524,2020-07-06
865,2020-11-26,"[45.71939690981658, -117.21749226178738]",897337882,2020-08-26
866,2020-10-17,"[43.64025299113932, -123.86161189788561]",101546188,2020-07-17
867,2020-07-08,"[45.80393792385195, -119.41846260370622]",950677381,2020-04-08
868,2020-09-08,"[44.86529968022161, -123.41210047103075]",678357315,2020-06-08
869,2020-11-04,"[45.0431115114118, -119.98342118453131]",224393998,2020-08-04
870,2020-10-27,"[42.531443100082846, -117.3023162100904]",517930875,2020-07-27
871,2020-09-13,"[43.60525272469486, -122.7579782237881]",752394204,2020-06-13
872,2020-11-25,"[43.46208233455927, -123.72945015304703]",957363523,2020-08-25
873,2020-09-14,"[44.39627957983319, -117.36479707957116]",811374043,2020-06-14
874,2020-11-16,"[43.942704520189714, -121.08463977526907]",419494666,2020-08-16
875,2020-08-25,"[44.78588600387755, -123.92681287976835]",724377185,2020-05-25
876,2020-07-21,"[43.988000855904716, -123.98473649542875]",488261281,2020-04-21
877,2020-07-06,"[45.52867239510666, -120.98790870969195]",445150719,2020-04-06
878,2020-07-15,"[44.26100926634026, -116.71579140876581]",782907937,2020-04-15
879,2020-08-21,"[43.31028415842697, -116.96587912306022]",117595914,2020-05-21
880,2020-09-09,"[45.19259094999798, -119.58175013087839]",107377576,2020-06-09
881,2020-09-03,"[45.25340434453852, -118.85689778586894]",131336686,2020-06-03
882,2020-07-10,"[42.09553676111182, -123.06990346114573]",715546091,2020-04-10
883,2020-10-28,"[43.86778776688946, -120.63350165900317]",447917839,2020-07-28
884,2020-07-22,"[44.190939016994506, -117.39706996926114]",940070056,2020-04-22
885,2020-10-05,"[44.194340005423, -117.43301141014202]",208849399,2020-07-05
886,2020-07-02,"[42.26554990728583, -116.98562773078876]",998025650,2020-04-02
887,2020-11-08,"[44.684314600283635, -116.88126759440523]",248231950,2020-08-08
888,2020-09-16,"[44.461157893342865, -123.72491973189626]",691732551,2020-06-16
889,2020-07-02,"[45.47472570989218, -118.9000502649943]",566388395,2020-04-02
890,2020-09-08,"[45.25910013868215, -120.9498432663581]",268560241,2020-06-08
891,2020-07-14,"[44.79143259129817, -124.09476083783473]",856020933,2020-04-14
892,2020-07-18,"[42.1436213849982, -119.24751046334697]",944071729,2020-04-18
893,2020-10-04,"[42.97193836848976, -119.34733668332497]",733437450,2020-07-04
894,2020-09-28,"[42.5830203793879, -123.21854287234339]",560357573,2020-06-28
895,2020-09-25,"[42.63033522246778, -119.67572474299071]",906200520,2020-06-25
896,2020-07-12,"[44.84688335324464, -124.44599618684575]",838528911,2020-04-12
897,2020-09-13,"[42.78439989052637, -124.53492534586235]",942775816,2020-06-13
898,2020-10-26,"[42.75695544110721, -119.29519884033726]",989925921,2020-07-26
899,2020-07-26,"[46.16011402456286, -118.14643935309262]",576820428,2020-04-26
900,2020-11-15,"[42.78111441858406, -119.35831262943387]",731066105,2020-08-15
901,2020-11-16,"[44.758922287863214, -119.71338640500845]",219309925,2020-08-16
902,2020-09-14,"[45.783696124423486, -118.4017158582547]",892424306,2020-06-14
903,2020-10-27,"[45.13995374939563, -122.69328362049642]",171203759,2020-07-27
904,2020-08-27,"[43.56795255437496, -122.21329357293226]",834569583,2020-05-27
905,2020-09-01,"[43.3533810892003, -117.20830010504218]",452304435,2020-06-01
906,2020-10-18,"[46.25252744018416, -120.96011422037338]",708373054,2020-07-18
907,2020-07-13,"[44.98120142460143, -119.56226813201043]",354922487,2020-04-13
908,2020-09-24,"[45.51294723261629, -118.14000219112881]",450268880,2020-06-24
909,2020-08-27,"[43.70023190922515, -122.10293461258931]",299211365,2020-05-27
910,2020-10-18,"[45.00596632472246, -121.2207969022596]",153487849,2020-07-18
911,2020-08-12,"[44.89925725264898, -118.15368579399377]",873763593,2020-05-12
912,2020-07-29,"[46.221846428399886, -119.53994919838705]",870569863,2020-04-29
913,2020-09-06,"[43.427469980984284, -123.00243780676985]",162009393,2020-06-06
914,2020-10-24,"[43.23599010588099, -119.01669155548699]",364294930,2020-07-24
915,2020-07-21,"[44.46575280659493, -120.89144415309522]",876588777,2020-04-21
916,2020-07-16,"[44.56227585099928, -120.35057856706113]",526359958,2020-04-16
917,2020-08-04,"[42.41859109813492, -120.48891040082178]",415940758,2020-05-04
918,2020-07-06,"[44.33080339120363, -121.99554301972165]",592228424,2020-04-06
919,2020-08-23,"[42.44429304190111, -120.05352884882521]",257486271,2020-05-23
920,2020-07-24,"[42.40043638549849, -120.97002328119692]",581961414,2020-04-24
921,2020-09-16,"[43.995175695049234, -118.66155190047775]",197904417,2020-06-16
922,2020-07-12,"[44.39123681076279, -122.34058507247234]",987291912,2020-04-12
923,2020-07-04,"[42.07584055950195, -118.72259059167946]",181504983,2020-04-04
924,2020-09-18,"[45.99181606456027, -123.20826305517082]",551071818,2020-06-18
925,2020-10-05,"[44.79595398235437, -123.00474014938757]",476348791,2020-07-05
926,2020-11-06,"[42.00241804759202, -120.82751420320969]",776340160,2020-08-06
927,2020-11-04,"[43.78580532748839, -120.22203886893871]",507577953,2020-08-04
928,2020-09-15,"[44.41502198005516, -123.71375426178953]",732392170,2020-06-15
929,2020-08-23,"[45.55090769258163, -119.2497973331487]",346039497,2020-05-23
930,2020-08-07,"[42.237952483894894, -116.89839294558779]",654135914,2020-05-07
931,2020-09-03,"[46.094536651655126, -117.9759126013054]",171773215,2020-06-03
932,2020-10-23,"[45.90976689858778, -118.4423674190412]",998016165,2020-07-23
933,2020-11-24,"[44.396805627364586, -116.8946980326833]",871567693,2020-08-24
934,2020-08-02,"[46.03940856566312, -117.20550438111272]",184214332,2020-05-02
935,2020-10-07,"[45.45364981828695, -117.0058660652175]",386782635,2020-07-07
936,2020-10-28,"[45.84747440686873, -121.94911401987693]",148161225,2020-07-28
937,2020-07-18,"[42.17988774202723, -117.32813091876997]",865845878,2020-04-18
938,2020-08-14,"[44.51477826447208, -119.00965854159514]",610707822,2020-05-14
939,2020-08-23,"[42.510760118125994, -116.95827081968665]",777407964,2020-05-23
940,2020-08-08,"[44.98762813191222, -116.6157347658611]",238368947,2020-05-08
941,2020-09-14,"[43.52575882506031, -122.07991122593896]",630695392,2020-06-14
942,2020-07-22,"[45.61458123990365, -120.11011724209206]",830238918,2020-04-22
943,2020-09-06,"[43.0165633306805, -119.25616841207011]",327474311,2020-06-06
944,2020-11-27,"[44.01343779415072, -118.11254910675314]",319119275,2020-08-27
945,2020-09-03,"[45.78312699143937, -124.42541219737618]",995166533,2020-06-03
946,2020-09-08,"[45.49899685159792, -124.27566556651078]",500686378,2020-06-08
947,2020-07-18,"[42.70743455854219, -119.10814007316728]",887379244,2020-04-18
948,2020-07-07,"[44.84257272008464, -121.08418940043855]",601490098,2020-04-07
949,2020-10-28,"[44.2009126461676, -123.81483188496804]",287997622,2020-07-28
950,2020-11-23,"[46.02082885288986, -119.56914761951813]",165480619,2020-08-23
951,2020-10-20,"[43.502518244574894, -117.33248016379794]",891209188,2020-07-20
952,2020-08-13,"[43.18436906471623, -118.12909405871825]",820780880,2020-05-13
953,2020-09-06,"[42.085804747303406, -123.9897730772081]",194582233,2020-06-06
954,2020-10-27,"[42.59875812295386, -116.71949901284378]",459228254,2020-07-27
955,2020-10-14,"[42.22657567987407, -119.60276500780925]",314779329,2020-07-14
956,2020-09-03,"[43.06188893251367, -117.43003572911886]",689925609,2020-06-03
957,2020-11-14,"[45.65034975359304, -119.92843140379907]",652993365,2020-08-14
958,2020-10-19,"[45.23708044581897, -122.86508540072634]",664974401,2020-07-19
959,2020-07-19,"[42.38001420539881, -120.88530953649307]",845935591,2020-04-19
960,2020-08-20,"[44.870407704261936, -120.95736272610493]",739257409,2020-05-20
961,2020-11-15,"[44.502191034646316, -121.17718987184062]",228176198,2020-08-15
962,2020-10-19,"[45.52382925388819, -124.00151977023638]",163070707,2020-07-19
963,2020-09-29,"[45.49307611364836, -118.08969475246992]",799372015,2020-06-29
964,2020-11-28,"[45.24548990869407, -123.46383442628816]",121941556,2020-08-28
965,2020-11-20,"[42.25834725939197, -122.02668034010566]",362918370,2020-08-20
966,2020-08-08,"[44.20833767382743, -120.02710373017482]",978040303,2020-05-08
967,2020-09-19,"[42.635904506887734, -118.83024545159414]",815699892,2020-06-19
968,2020-11-12,"[45.606651444939445, -123.15795452913352]",385931498,2020-08-12
969,2020-09-19,"[43.72874291822956, -116.59800503616398]",312874063,2020-06-19
970,2020-10-26,"[45.75227520976924, -118.60481643022327]",263359666,2020-07-26
971,2020-07-28,"[45.54705619139441, -122.15555842616762]",921791625,2020-04-28
972,2020-08-22,"[45.491541205923944, -124.56335629849303]",806774790,2020-05-22
973,2020-10-28,"[45.84318399334628, -118.12032970864017]",603031679,2020-07-28
974,2020-08-02,"[45.80628195063256, -117.95551790957741]",297008047,2020-05-02
975,2020-10-01,"[46.17074266658734, -120.44182136558854]",898392669,2020-07-01
976,2020-11-05,"[44.02378392088252, -119.98328472868758]",257963318,2020-08-05
977,2020-11-01,"[42.92441650652632, -117.31834256317559]",282916448,2020-08-01
978,2020-09-11,"[44.61758166707433, -118.04332843410833]",438463983,2020-06-11
979,2020-09-04,"[42.514220407027054, -116.95107490815863]",539984398,2020-06-04
980,2020-08-24,"[46.028706622257104, -120.76036042406932]",275172882,2020-05-24
981,2020-09-07,"[42.95631960043591, -118.37146157840479]",401372014,2020-06-07
982,2020-09-27,"[45.97261518140273, -118.43600405899083]",790502068,2020-06-27
983,2020-08-14,"[44.71067344691381, -116.87486090073182]",467472397,2020-05-14
984,2020-10-12,"[42.47630083542957, -118.85133057841992]",623992119,2020-07-12
985,2020-11-03,"[42.28788326399186, -123.70724601784623]",174277260,2020-08-03
986,2020-10-18,"[45.69013531483159, -119.15947622134063]",424070970,2020-07-18
987,2020-11-10,"[43.7961496961709, -119.31673032897862]",357265587,2020-08-10
988,2020-11-01,"[45.75367409145584, -117.5970649649785]",880769246,2020-08-01
989,2020-10-12,"[44.17551836946693, -117.91646442572875]",919448112,2020-07-12
990,2020-07-28,"[42.57716555246478, -117.63780878413633]",699235224,2020-04-28
991,2020-11-02,"[45.16286276309083, -118.9876430114426]",992756566,2020-08-02
992,2020-09-25,"[45.907934515363074, -119.68966111158792]",429233094,2020-06-25
993,2020-10-09,"[43.39239325661139, -123.820132283785]",780806863,2020-07-09
994,2020-11-25,"[46.27840050914674, -122.62594183522901]",779269795,2020-08-25
995,2020-07-15,"[42.69174090701222, -122.86692267023855]",291354892,2020-04-15
996,2020-09-12,"[44.249406143414475, -123.98320692830386]",320872121,2020-06-12
997,2020-08-01,"[45.255446471591526, -123.2892703071975]",325355628,2020-05-01
998,2020-07-14,"[45.71199986469706, -117.94285837577377]",789921315,2020-04-14
999,2020-07-24,"[45.94819743346971, -124.21029943713026]",752529924,2020-04-24
